Metric,EER
duration_s,0.37797619047619047
speech_length_s,0.3556547619047619
leading_silence_s,0.7113095238095238
trailing_silence_s,0.6279761904761905
voiced_frames,0.43898809523809523
unvoiced_frames,0.3943452380952381
voiced_unvoiced_ratio,0.4776785714285714
rms_first_100ms,0.4836309523809524
rmse_mean,0.4836309523809524
rmse_amplitude,0.37797619047619047
